date,market,item,grade,unit,price,kg_unit,price_per_kg,source
2026-01-03,가락시장,사과 미시마,상,10 키로상자,60961,10.0,6096,https://www.garakprice.com/pum_detail.php
2026-01-03,가락시장,사과 미시마,중,10 키로상자,38974,10.0,3897,https://www.garakprice.com/pum_detail.php
2026-01-03,가락시장,사과 미시마,특,10 키로상자,72953,10.0,7295,https://www.garakprice.com/pum_detail.php
2026-01-03,가락시장,사과 미시마,하,10 키로상자,22608,10.0,2261,https://www.garakprice.com/pum_detail.php
2026-01-05,가락시장,사과 미시마,상,10 키로상자,71107,10.0,7111,https://www.garakprice.com/pum_detail.php
2026-01-05,가락시장,사과 미시마,중,10 키로상자,47422,10.0,4742,https://www.garakprice.com/pum_detail.php
2026-01-05,가락시장,사과 미시마,특,10 키로상자,93284,10.0,9328,https://www.garakprice.com/pum_detail.php
2026-01-05,가락시장,사과 미시마,하,10 키로상자,26493,10.0,2649,https://www.garakprice.com/pum_detail.php
2026-01-06,가락시장,사과 미시마,상,10 키로상자,100909,10.0,10091,https://www.garakprice.com/pum_detail.php
2026-01-06,가락시장,사과 미시마,중,10 키로상자,68265,10.0,6826,https://www.garakprice.com/pum_detail.php
2026-01-06,가락시장,사과 미시마,특,10 키로상자,130614,10.0,13061,https://www.garakprice.com/pum_detail.php
2026-01-06,가락시장,사과 미시마,하,10 키로상자,41961,10.0,4196,https://www.garakprice.com/pum_detail.php
2026-01-07,가락시장,사과 미시마,상,10 키로상자,80447,10.0,8045,https://www.garakprice.com/pum_detail.php
2026-01-07,가락시장,사과 미시마,중,10 키로상자,53888,10.0,5389,https://www.garakprice.com/pum_detail.php
2026-01-07,가락시장,사과 미시마,특,10 키로상자,138045,10.0,13804,https://www.garakprice.com/pum_detail.php
2026-01-07,가락시장,사과 미시마,하,10 키로상자,34110,10.0,3411,https://www.garakprice.com/pum_detail.php
2026-01-08,가락시장,사과 미시마,상,10 키로상자,62563,10.0,6256,https://www.garakprice.com/pum_detail.php
2026-01-08,가락시장,사과 미시마,중,10 키로상자,35820,10.0,3582,https://www.garakprice.com/pum_detail.php
2026-01-08,가락시장,사과 미시마,특,10 키로상자,79720,10.0,7972,https://www.garakprice.com/pum_detail.php
2026-01-08,가락시장,사과 미시마,하,10 키로상자,21965,10.0,2196,https://www.garakprice.com/pum_detail.php
2026-01-09,가락시장,사과 미시마,상,10 키로상자,73478,10.0,7348,https://www.garakprice.com/pum_detail.php
2026-01-09,가락시장,사과 미시마,중,10 키로상자,51330,10.0,5133,https://www.garakprice.com/pum_detail.php
2026-01-09,가락시장,사과 미시마,특,10 키로상자,110206,10.0,11021,https://www.garakprice.com/pum_detail.php
2026-01-09,가락시장,사과 미시마,하,10 키로상자,33881,10.0,3388,https://www.garakprice.com/pum_detail.php
2026-01-10,가락시장,사과 미시마,상,10 키로상자,73478,10.0,7348,https://www.garakprice.com/pum_detail.php
2026-01-10,가락시장,사과 미시마,중,10 키로상자,51330,10.0,5133,https://www.garakprice.com/pum_detail.php
2026-01-10,가락시장,사과 미시마,특,10 키로상자,110206,10.0,11021,https://www.garakprice.com/pum_detail.php
2026-01-10,가락시장,사과 미시마,하,10 키로상자,33881,10.0,3388,https://www.garakprice.com/pum_detail.php
2026-01-12,가락시장,사과 미시마,상,10 키로상자,77286,10.0,7729,https://www.garakprice.com/pum_detail.php
2026-01-12,가락시장,사과 미시마,중,10 키로상자,51178,10.0,5118,https://www.garakprice.com/pum_detail.php
2026-01-12,가락시장,사과 미시마,특,10 키로상자,142658,10.0,14266,https://www.garakprice.com/pum_detail.php
2026-01-12,가락시장,사과 미시마,하,10 키로상자,28014,10.0,2801,https://www.garakprice.com/pum_detail.php
2026-01-13,가락시장,사과 미시마,상,10 키로상자,64833,10.0,6483,https://www.garakprice.com/pum_detail.php
2026-01-13,가락시장,사과 미시마,중,10 키로상자,47406,10.0,4741,https://www.garakprice.com/pum_detail.php
2026-01-13,가락시장,사과 미시마,특,10 키로상자,99697,10.0,9970,https://www.garakprice.com/pum_detail.php
2026-01-13,가락시장,사과 미시마,하,10 키로상자,34419,10.0,3442,https://www.garakprice.com/pum_detail.php
2026-01-14,가락시장,사과 미시마,상,10 키로상자,68326,10.0,6833,https://www.garakprice.com/pum_detail.php
2026-01-14,가락시장,사과 미시마,중,10 키로상자,49061,10.0,4906,https://www.garakprice.com/pum_detail.php
2026-01-14,가락시장,사과 미시마,특,10 키로상자,97272,10.0,9727,https://www.garakprice.com/pum_detail.php
2026-01-14,가락시장,사과 미시마,하,10 키로상자,33855,10.0,3386,https://www.garakprice.com/pum_detail.php
2026-01-15,가락시장,사과 미시마,상,10 키로상자,75986,10.0,7599,https://www.garakprice.com/pum_detail.php
2026-01-15,가락시장,사과 미시마,중,10 키로상자,50320,10.0,5032,https://www.garakprice.com/pum_detail.php
2026-01-15,가락시장,사과 미시마,특,10 키로상자,132740,10.0,13274,https://www.garakprice.com/pum_detail.php
2026-01-15,가락시장,사과 미시마,하,10 키로상자,28044,10.0,2804,https://www.garakprice.com/pum_detail.php
2026-01-16,가락시장,사과 미시마,상,10 키로상자,59028,10.0,5903,https://www.garakprice.com/pum_detail.php
2026-01-16,가락시장,사과 미시마,중,10 키로상자,40354,10.0,4035,https://www.garakprice.com/pum_detail.php
2026-01-16,가락시장,사과 미시마,특,10 키로상자,79653,10.0,7965,https://www.garakprice.com/pum_detail.php
2026-01-16,가락시장,사과 미시마,하,10 키로상자,20753,10.0,2075,https://www.garakprice.com/pum_detail.php
2026-01-17,가락시장,사과 미시마,상,10 키로상자,59134,10.0,5913,https://www.garakprice.com/pum_detail.php
2026-01-17,가락시장,사과 미시마,중,10 키로상자,40394,10.0,4039,https://www.garakprice.com/pum_detail.php
2026-01-17,가락시장,사과 미시마,특,10 키로상자,79653,10.0,7965,https://www.garakprice.com/pum_detail.php
2026-01-17,가락시장,사과 미시마,하,10 키로상자,20766,10.0,2077,https://www.garakprice.com/pum_detail.php
2026-01-19,가락시장,사과 미시마,상,10 키로상자,90981,10.0,9098,https://www.garakprice.com/pum_detail.php
2026-01-19,가락시장,사과 미시마,중,10 키로상자,57017,10.0,5702,https://www.garakprice.com/pum_detail.php
2026-01-19,가락시장,사과 미시마,특,10 키로상자,188679,10.0,18868,https://www.garakprice.com/pum_detail.php
2026-01-19,가락시장,사과 미시마,하,10 키로상자,26886,10.0,2689,https://www.garakprice.com/pum_detail.php
2026-01-20,가락시장,사과 미시마,상,10 키로상자,80680,10.0,8068,https://www.garakprice.com/pum_detail.php
2026-01-20,가락시장,사과 미시마,중,10 키로상자,51706,10.0,5171,https://www.garakprice.com/pum_detail.php
2026-01-20,가락시장,사과 미시마,특,10 키로상자,137052,10.0,13705,https://www.garakprice.com/pum_detail.php
2026-01-20,가락시장,사과 미시마,하,10 키로상자,27659,10.0,2766,https://www.garakprice.com/pum_detail.php
2026-01-21,가락시장,사과 미시마,상,10 키로상자,76496,10.0,7650,https://www.garakprice.com/pum_detail.php
2026-01-21,가락시장,사과 미시마,중,10 키로상자,48963,10.0,4896,https://www.garakprice.com/pum_detail.php
2026-01-21,가락시장,사과 미시마,특,10 키로상자,108393,10.0,10839,https://www.garakprice.com/pum_detail.php
2026-01-21,가락시장,사과 미시마,하,10 키로상자,32298,10.0,3230,https://www.garakprice.com/pum_detail.php
2026-01-22,가락시장,사과 미시마,상,10 키로상자,85043,10.0,8504,https://www.garakprice.com/pum_detail.php
2026-01-22,가락시장,사과 미시마,중,10 키로상자,47188,10.0,4719,https://www.garakprice.com/pum_detail.php
2026-01-22,가락시장,사과 미시마,특,10 키로상자,163298,10.0,16330,https://www.garakprice.com/pum_detail.php
2026-01-22,가락시장,사과 미시마,하,10 키로상자,25700,10.0,2570,https://www.garakprice.com/pum_detail.php
2026-01-23,가락시장,사과 미시마,상,10 키로상자,93089,10.0,9309,https://www.garakprice.com/pum_detail.php
2026-01-23,가락시장,사과 미시마,중,10 키로상자,65938,10.0,6594,https://www.garakprice.com/pum_detail.php
2026-01-23,가락시장,사과 미시마,특,10 키로상자,169810,10.0,16981,https://www.garakprice.com/pum_detail.php
2026-01-23,가락시장,사과 미시마,하,10 키로상자,43360,10.0,4336,https://www.garakprice.com/pum_detail.php
2026-01-24,가락시장,사과 미시마,상,10 키로상자,93089,10.0,9309,https://www.garakprice.com/pum_detail.php
2026-01-24,가락시장,사과 미시마,중,10 키로상자,65938,10.0,6594,https://www.garakprice.com/pum_detail.php
2026-01-24,가락시장,사과 미시마,특,10 키로상자,169810,10.0,16981,https://www.garakprice.com/pum_detail.php
2026-01-24,가락시장,사과 미시마,하,10 키로상자,43360,10.0,4336,https://www.garakprice.com/pum_detail.php
2026-01-26,가락시장,사과 미시마,상,10 키로상자,86264,10.0,8626,https://www.garakprice.com/pum_detail.php
2026-01-26,가락시장,사과 미시마,중,10 키로상자,57927,10.0,5793,https://www.garakprice.com/pum_detail.php
2026-01-26,가락시장,사과 미시마,특,10 키로상자,169535,10.0,16954,https://www.garakprice.com/pum_detail.php
2026-01-26,가락시장,사과 미시마,하,10 키로상자,36776,10.0,3678,https://www.garakprice.com/pum_detail.php
2026-01-27,가락시장,사과 미시마,상,10 키로상자,82745,10.0,8274,https://www.garakprice.com/pum_detail.php
2026-01-27,가락시장,사과 미시마,중,10 키로상자,57787,10.0,5779,https://www.garakprice.com/pum_detail.php
2026-01-27,가락시장,사과 미시마,특,10 키로상자,128353,10.0,12835,https://www.garakprice.com/pum_detail.php
2026-01-27,가락시장,사과 미시마,하,10 키로상자,32348,10.0,3235,https://www.garakprice.com/pum_detail.php
2026-01-28,가락시장,사과 미시마,상,10 키로상자,78446,10.0,7845,https://www.garakprice.com/pum_detail.php
2026-01-28,가락시장,사과 미시마,중,10 키로상자,53830,10.0,5383,https://www.garakprice.com/pum_detail.php
2026-01-28,가락시장,사과 미시마,특,10 키로상자,129930,10.0,12993,https://www.garakprice.com/pum_detail.php
2026-01-28,가락시장,사과 미시마,하,10 키로상자,34471,10.0,3447,https://www.garakprice.com/pum_detail.php
2026-01-29,가락시장,사과 미시마,상,10 키로상자,74166,10.0,7417,https://www.garakprice.com/pum_detail.php
2026-01-29,가락시장,사과 미시마,중,10 키로상자,53007,10.0,5301,https://www.garakprice.com/pum_detail.php
2026-01-29,가락시장,사과 미시마,특,10 키로상자,131147,10.0,13115,https://www.garakprice.com/pum_detail.php
2026-01-29,가락시장,사과 미시마,하,10 키로상자,29575,10.0,2958,https://www.garakprice.com/pum_detail.php
2026-01-30,가락시장,사과 미시마,상,10 키로상자,76570,10.0,7657,https://www.garakprice.com/pum_detail.php
2026-01-30,가락시장,사과 미시마,중,10 키로상자,57367,10.0,5737,https://www.garakprice.com/pum_detail.php
2026-01-30,가락시장,사과 미시마,특,10 키로상자,108293,10.0,10829,https://www.garakprice.com/pum_detail.php
2026-01-30,가락시장,사과 미시마,하,10 키로상자,35176,10.0,3518,https://www.garakprice.com/pum_detail.php
2026-01-31,가락시장,사과 미시마,상,10 키로상자,76570,10.0,7657,https://www.garakprice.com/pum_detail.php
2026-01-31,가락시장,사과 미시마,중,10 키로상자,57367,10.0,5737,https://www.garakprice.com/pum_detail.php
2026-01-31,가락시장,사과 미시마,특,10 키로상자,108293,10.0,10829,https://www.garakprice.com/pum_detail.php
2026-01-31,가락시장,사과 미시마,하,10 키로상자,35176,10.0,3518,https://www.garakprice.com/pum_detail.php
2026-02-02,가락시장,사과 미시마,상,10 키로상자,76570,10.0,7657,https://www.garakprice.com/pum_detail.php
2026-02-02,가락시장,사과 미시마,중,10 키로상자,57367,10.0,5737,https://www.garakprice.com/pum_detail.php
2026-02-02,가락시장,사과 미시마,특,10 키로상자,108293,10.0,10829,https://www.garakprice.com/pum_detail.php
2026-02-02,가락시장,사과 미시마,하,10 키로상자,35176,10.0,3518,https://www.garakprice.com/pum_detail.php
2026-02-03,가락시장,사과 미시마,상,10 키로상자,109875,10.0,10988,https://www.garakprice.com/pum_detail.php
2026-02-03,가락시장,사과 미시마,상,5  키로상자,58482,5.0,11696,https://www.garakprice.com/pum_detail.php
2026-02-03,가락시장,사과 미시마,중,10 키로상자,63851,10.0,6385,https://www.garakprice.com/pum_detail.php
2026-02-03,가락시장,사과 미시마,중,5  키로상자,47500,5.0,9500,https://www.garakprice.com/pum_detail.php
2026-02-03,가락시장,사과 미시마,특,10 키로상자,174151,10.0,17415,https://www.garakprice.com/pum_detail.php
2026-02-03,가락시장,사과 미시마,특,5  키로상자,65000,5.0,13000,https://www.garakprice.com/pum_detail.php
2026-02-03,가락시장,사과 미시마,하,10 키로상자,30255,10.0,3026,https://www.garakprice.com/pum_detail.php
2026-02-03,가락시장,사과 미시마,하,5  키로상자,33631,5.0,6726,https://www.garakprice.com/pum_detail.php
2026-02-04,가락시장,사과 미시마,상,10 키로상자,96742,10.0,9674,https://www.garakprice.com/pum_detail.php
2026-02-04,가락시장,사과 미시마,상,5  키로상자,57448,5.0,11490,https://www.garakprice.com/pum_detail.php
2026-02-04,가락시장,사과 미시마,중,10 키로상자,57532,10.0,5753,https://www.garakprice.com/pum_detail.php
2026-02-04,가락시장,사과 미시마,중,5  키로상자,46191,5.0,9238,https://www.garakprice.com/pum_detail.php
2026-02-04,가락시장,사과 미시마,특,10 키로상자,169355,10.0,16936,https://www.garakprice.com/pum_detail.php
2026-02-04,가락시장,사과 미시마,특,5  키로상자,63295,5.0,12659,https://www.garakprice.com/pum_detail.php
2026-02-04,가락시장,사과 미시마,하,10 키로상자,30044,10.0,3004,https://www.garakprice.com/pum_detail.php
2026-02-04,가락시장,사과 미시마,하,5  키로상자,29000,5.0,5800,https://www.garakprice.com/pum_detail.php
2026-02-05,가락시장,사과 미시마,상,10 키로상자,142073,10.0,14207,https://www.garakprice.com/pum_detail.php
2026-02-05,가락시장,사과 미시마,상,5  키로상자,57448,5.0,11490,https://www.garakprice.com/pum_detail.php
2026-02-05,가락시장,사과 미시마,중,10 키로상자,97599,10.0,9760,https://www.garakprice.com/pum_detail.php
2026-02-05,가락시장,사과 미시마,중,5  키로상자,46191,5.0,9238,https://www.garakprice.com/pum_detail.php
2026-02-05,가락시장,사과 미시마,특,10 키로상자,180000,10.0,18000,https://www.garakprice.com/pum_detail.php
2026-02-05,가락시장,사과 미시마,특,5  키로상자,63295,5.0,12659,https://www.garakprice.com/pum_detail.php
2026-02-05,가락시장,사과 미시마,하,10 키로상자,72679,10.0,7268,https://www.garakprice.com/pum_detail.php
2026-02-05,가락시장,사과 미시마,하,5  키로상자,29000,5.0,5800,https://www.garakprice.com/pum_detail.php
2026-02-06,가락시장,사과 미시마,상,10 키로상자,109519,10.0,10952,https://www.garakprice.com/pum_detail.php
2026-02-06,가락시장,사과 미시마,상,5  키로상자,57448,5.0,11490,https://www.garakprice.com/pum_detail.php
2026-02-06,가락시장,사과 미시마,중,10 키로상자,66597,10.0,6660,https://www.garakprice.com/pum_detail.php
2026-02-06,가락시장,사과 미시마,중,5  키로상자,46191,5.0,9238,https://www.garakprice.com/pum_detail.php
2026-02-06,가락시장,사과 미시마,특,10 키로상자,157227,10.0,15723,https://www.garakprice.com/pum_detail.php
2026-02-06,가락시장,사과 미시마,특,5  키로상자,63295,5.0,12659,https://www.garakprice.com/pum_detail.php
2026-02-06,가락시장,사과 미시마,하,10 키로상자,33687,10.0,3369,https://www.garakprice.com/pum_detail.php
2026-02-06,가락시장,사과 미시마,하,5  키로상자,29000,5.0,5800,https://www.garakprice.com/pum_detail.php
2026-02-07,가락시장,사과 미시마,상,10 키로상자,75781,10.0,7578,https://www.garakprice.com/pum_detail.php
2026-02-07,가락시장,사과 미시마,상,5  키로상자,68961,5.0,13792,https://www.garakprice.com/pum_detail.php
2026-02-07,가락시장,사과 미시마,중,10 키로상자,53652,10.0,5365,https://www.garakprice.com/pum_detail.php
2026-02-07,가락시장,사과 미시마,중,5  키로상자,47032,5.0,9406,https://www.garakprice.com/pum_detail.php
2026-02-07,가락시장,사과 미시마,특,10 키로상자,104831,10.0,10483,https://www.garakprice.com/pum_detail.php
2026-02-07,가락시장,사과 미시마,특,5  키로상자,82260,5.0,16452,https://www.garakprice.com/pum_detail.php
2026-02-07,가락시장,사과 미시마,하,10 키로상자,25825,10.0,2582,https://www.garakprice.com/pum_detail.php
2026-02-07,가락시장,사과 미시마,하,5  키로상자,33154,5.0,6631,https://www.garakprice.com/pum_detail.php
2026-02-09,가락시장,사과 미시마,상,10 키로상자,75781,10.0,7578,https://www.garakprice.com/pum_detail.php
2026-02-09,가락시장,사과 미시마,상,5  키로상자,68961,5.0,13792,https://www.garakprice.com/pum_detail.php
2026-02-09,가락시장,사과 미시마,중,10 키로상자,53652,10.0,5365,https://www.garakprice.com/pum_detail.php
2026-02-09,가락시장,사과 미시마,중,5  키로상자,47032,5.0,9406,https://www.garakprice.com/pum_detail.php
2026-02-09,가락시장,사과 미시마,특,10 키로상자,104831,10.0,10483,https://www.garakprice.com/pum_detail.php
2026-02-09,가락시장,사과 미시마,특,5  키로상자,82260,5.0,16452,https://www.garakprice.com/pum_detail.php
2026-02-09,가락시장,사과 미시마,하,10 키로상자,25825,10.0,2582,https://www.garakprice.com/pum_detail.php
2026-02-09,가락시장,사과 미시마,하,5  키로상자,33154,5.0,6631,https://www.garakprice.com/pum_detail.php
2026-02-10,가락시장,사과 미시마,상,10 키로상자,85505,10.0,8550,https://www.garakprice.com/pum_detail.php
2026-02-10,가락시장,사과 미시마,상,5  키로상자,68961,5.0,13792,https://www.garakprice.com/pum_detail.php
2026-02-10,가락시장,사과 미시마,중,10 키로상자,69469,10.0,6947,https://www.garakprice.com/pum_detail.php
2026-02-10,가락시장,사과 미시마,중,5  키로상자,47032,5.0,9406,https://www.garakprice.com/pum_detail.php
2026-02-10,가락시장,사과 미시마,특,10 키로상자,95490,10.0,9549,https://www.garakprice.com/pum_detail.php
2026-02-10,가락시장,사과 미시마,특,5  키로상자,82260,5.0,16452,https://www.garakprice.com/pum_detail.php
2026-02-10,가락시장,사과 미시마,하,10 키로상자,42129,10.0,4213,https://www.garakprice.com/pum_detail.php
2026-02-10,가락시장,사과 미시마,하,5  키로상자,33154,5.0,6631,https://www.garakprice.com/pum_detail.php
2026-02-11,가락시장,사과 미시마,상,10 키로상자,87115,10.0,8712,https://www.garakprice.com/pum_detail.php
2026-02-11,가락시장,사과 미시마,상,5  키로상자,68961,5.0,13792,https://www.garakprice.com/pum_detail.php
2026-02-11,가락시장,사과 미시마,중,10 키로상자,56936,10.0,5694,https://www.garakprice.com/pum_detail.php
2026-02-11,가락시장,사과 미시마,중,5  키로상자,47032,5.0,9406,https://www.garakprice.com/pum_detail.php
2026-02-11,가락시장,사과 미시마,특,10 키로상자,129310,10.0,12931,https://www.garakprice.com/pum_detail.php
2026-02-11,가락시장,사과 미시마,특,5  키로상자,82260,5.0,16452,https://www.garakprice.com/pum_detail.php
2026-02-11,가락시장,사과 미시마,하,10 키로상자,39102,10.0,3910,https://www.garakprice.com/pum_detail.php
2026-02-11,가락시장,사과 미시마,하,5  키로상자,33154,5.0,6631,https://www.garakprice.com/pum_detail.php
2026-02-12,가락시장,사과 미시마,상,10 키로상자,63566,10.0,6357,https://www.garakprice.com/pum_detail.php
2026-02-12,가락시장,사과 미시마,상,5  키로상자,68961,5.0,13792,https://www.garakprice.com/pum_detail.php
2026-02-12,가락시장,사과 미시마,중,10 키로상자,45980,10.0,4598,https://www.garakprice.com/pum_detail.php
2026-02-12,가락시장,사과 미시마,중,5  키로상자,47032,5.0,9406,https://www.garakprice.com/pum_detail.php
2026-02-12,가락시장,사과 미시마,특,10 키로상자,91466,10.0,9147,https://www.garakprice.com/pum_detail.php
2026-02-12,가락시장,사과 미시마,특,5  키로상자,82260,5.0,16452,https://www.garakprice.com/pum_detail.php
2026-02-12,가락시장,사과 미시마,하,10 키로상자,35097,10.0,3510,https://www.garakprice.com/pum_detail.php
2026-02-12,가락시장,사과 미시마,하,5  키로상자,33154,5.0,6631,https://www.garakprice.com/pum_detail.php
2026-02-13,가락시장,사과 미시마,상,10 키로상자,51041,10.0,5104,https://www.garakprice.com/pum_detail.php
2026-02-13,가락시장,사과 미시마,상,5  키로상자,68961,5.0,13792,https://www.garakprice.com/pum_detail.php
2026-02-13,가락시장,사과 미시마,중,10 키로상자,42566,10.0,4257,https://www.garakprice.com/pum_detail.php
2026-02-13,가락시장,사과 미시마,중,5  키로상자,47032,5.0,9406,https://www.garakprice.com/pum_detail.php
2026-02-13,가락시장,사과 미시마,특,10 키로상자,61082,10.0,6108,https://www.garakprice.com/pum_detail.php
2026-02-13,가락시장,사과 미시마,특,5  키로상자,82260,5.0,16452,https://www.garakprice.com/pum_detail.php
2026-02-13,가락시장,사과 미시마,하,10 키로상자,35224,10.0,3522,https://www.garakprice.com/pum_detail.php
2026-02-13,가락시장,사과 미시마,하,5  키로상자,33154,5.0,6631,https://www.garakprice.com/pum_detail.php
2026-02-14,가락시장,사과 미시마,상,10 키로상자,51041,10.0,5104,https://www.garakprice.com/pum_detail.php
2026-02-14,가락시장,사과 미시마,중,10 키로상자,42566,10.0,4257,https://www.garakprice.com/pum_detail.php
2026-02-14,가락시장,사과 미시마,특,10 키로상자,61082,10.0,6108,https://www.garakprice.com/pum_detail.php
2026-02-14,가락시장,사과 미시마,하,10 키로상자,35224,10.0,3522,https://www.garakprice.com/pum_detail.php
2026-02-16,가락시장,사과 미시마,상,10 키로상자,51041,10.0,5104,https://www.garakprice.com/pum_detail.php
2026-02-16,가락시장,사과 미시마,중,10 키로상자,42566,10.0,4257,https://www.garakprice.com/pum_detail.php
2026-02-16,가락시장,사과 미시마,특,10 키로상자,61082,10.0,6108,https://www.garakprice.com/pum_detail.php
2026-02-16,가락시장,사과 미시마,하,10 키로상자,35224,10.0,3522,https://www.garakprice.com/pum_detail.php
2026-02-20,가락시장,사과 미시마,상,10 키로상자,55615,10.0,5562,https://www.garakprice.com/pum_detail.php
2026-02-20,가락시장,사과 미시마,중,10 키로상자,42550,10.0,4255,https://www.garakprice.com/pum_detail.php
2026-02-20,가락시장,사과 미시마,특,10 키로상자,80094,10.0,8009,https://www.garakprice.com/pum_detail.php
2026-02-20,가락시장,사과 미시마,하,10 키로상자,26969,10.0,2697,https://www.garakprice.com/pum_detail.php
2026-02-21,가락시장,사과 미시마,상,10 키로상자,55615,10.0,5562,https://www.garakprice.com/pum_detail.php
2026-02-21,가락시장,사과 미시마,중,10 키로상자,42550,10.0,4255,https://www.garakprice.com/pum_detail.php
2026-02-21,가락시장,사과 미시마,특,10 키로상자,80094,10.0,8009,https://www.garakprice.com/pum_detail.php
2026-02-21,가락시장,사과 미시마,하,10 키로상자,26969,10.0,2697,https://www.garakprice.com/pum_detail.php
2026-02-23,가락시장,사과 미시마,상,10 키로상자,75375,10.0,7538,https://www.garakprice.com/pum_detail.php
2026-02-23,가락시장,사과 미시마,중,10 키로상자,56208,10.0,5621,https://www.garakprice.com/pum_detail.php
2026-02-23,가락시장,사과 미시마,특,10 키로상자,105015,10.0,10502,https://www.garakprice.com/pum_detail.php
2026-02-23,가락시장,사과 미시마,하,10 키로상자,33700,10.0,3370,https://www.garakprice.com/pum_detail.php
2026-02-24,가락시장,사과 미시마,상,10 키로상자,75852,10.0,7585,https://www.garakprice.com/pum_detail.php
2026-02-24,가락시장,사과 미시마,중,10 키로상자,34337,10.0,3434,https://www.garakprice.com/pum_detail.php
2026-02-24,가락시장,사과 미시마,특,10 키로상자,153286,10.0,15329,https://www.garakprice.com/pum_detail.php
2026-02-24,가락시장,사과 미시마,하,10 키로상자,27300,10.0,2730,https://www.garakprice.com/pum_detail.php
2026-02-25,가락시장,사과 미시마,상,10 키로상자,71727,10.0,7173,https://www.garakprice.com/pum_detail.php
2026-02-25,가락시장,사과 미시마,중,10 키로상자,52249,10.0,5225,https://www.garakprice.com/pum_detail.php
2026-02-25,가락시장,사과 미시마,특,10 키로상자,109556,10.0,10956,https://www.garakprice.com/pum_detail.php
2026-02-25,가락시장,사과 미시마,하,10 키로상자,29900,10.0,2990,https://www.garakprice.com/pum_detail.php
2026-02-26,가락시장,사과 미시마,상,10 키로상자,66086,10.0,6609,https://www.garakprice.com/pum_detail.php
2026-02-26,가락시장,사과 미시마,중,10 키로상자,45192,10.0,4519,https://www.garakprice.com/pum_detail.php
2026-02-26,가락시장,사과 미시마,특,10 키로상자,118789,10.0,11879,https://www.garakprice.com/pum_detail.php
2026-02-26,가락시장,사과 미시마,하,10 키로상자,30013,10.0,3001,https://www.garakprice.com/pum_detail.php
2026-02-27,가락시장,사과 미시마,상,10 키로상자,67308,10.0,6731,https://www.garakprice.com/pum_detail.php
2026-02-27,가락시장,사과 미시마,중,10 키로상자,45673,10.0,4567,https://www.garakprice.com/pum_detail.php
2026-02-27,가락시장,사과 미시마,특,10 키로상자,135676,10.0,13568,https://www.garakprice.com/pum_detail.php
2026-02-27,가락시장,사과 미시마,하,10 키로상자,27329,10.0,2733,https://www.garakprice.com/pum_detail.php
2026-02-28,가락시장,사과 미시마,상,10 키로상자,67308,10.0,6731,https://www.garakprice.com/pum_detail.php
2026-02-28,가락시장,사과 미시마,중,10 키로상자,45673,10.0,4567,https://www.garakprice.com/pum_detail.php
2026-02-28,가락시장,사과 미시마,특,10 키로상자,135676,10.0,13568,https://www.garakprice.com/pum_detail.php
2026-02-28,가락시장,사과 미시마,하,10 키로상자,27329,10.0,2733,https://www.garakprice.com/pum_detail.php
2026-03-02,가락시장,사과 미시마,상,10 키로상자,76320,10.0,7632,https://www.garakprice.com/pum_detail.php
2026-03-02,가락시장,사과 미시마,중,10 키로상자,53059,10.0,5306,https://www.garakprice.com/pum_detail.php
2026-03-02,가락시장,사과 미시마,특,10 키로상자,125576,10.0,12558,https://www.garakprice.com/pum_detail.php
2026-03-02,가락시장,사과 미시마,하,10 키로상자,34075,10.0,3408,https://www.garakprice.com/pum_detail.php
2026-03-03,가락시장,사과 미시마,상,10 키로상자,64393,10.0,6439,https://www.garakprice.com/pum_detail.php
2026-03-03,가락시장,사과 미시마,중,10 키로상자,45857,10.0,4586,https://www.garakprice.com/pum_detail.php
2026-03-03,가락시장,사과 미시마,특,10 키로상자,141571,10.0,14157,https://www.garakprice.com/pum_detail.php
2026-03-03,가락시장,사과 미시마,하,10 키로상자,29295,10.0,2930,https://www.garakprice.com/pum_detail.php
2026-03-04,가락시장,사과 미시마,상,10 키로상자,84027,10.0,8403,https://www.garakprice.com/pum_detail.php
2026-03-04,가락시장,사과 미시마,중,10 키로상자,54614,10.0,5461,https://www.garakprice.com/pum_detail.php
2026-03-04,가락시장,사과 미시마,특,10 키로상자,137926,10.0,13793,https://www.garakprice.com/pum_detail.php
2026-03-04,가락시장,사과 미시마,하,10 키로상자,28505,10.0,2850,https://www.garakprice.com/pum_detail.php
2026-03-05,가락시장,사과 미시마,상,10 키로상자,67212,10.0,6721,https://www.garakprice.com/pum_detail.php
2026-03-05,가락시장,사과 미시마,중,10 키로상자,43706,10.0,4371,https://www.garakprice.com/pum_detail.php
2026-03-05,가락시장,사과 미시마,특,10 키로상자,112326,10.0,11233,https://www.garakprice.com/pum_detail.php
2026-03-05,가락시장,사과 미시마,하,10 키로상자,30696,10.0,3070,https://www.garakprice.com/pum_detail.php
2026-03-06,가락시장,사과 미시마,상,10 키로상자,70803,10.0,7080,https://www.garakprice.com/pum_detail.php
2026-03-06,가락시장,사과 미시마,중,10 키로상자,48767,10.0,4877,https://www.garakprice.com/pum_detail.php
2026-03-06,가락시장,사과 미시마,특,10 키로상자,131521,10.0,13152,https://www.garakprice.com/pum_detail.php
2026-03-06,가락시장,사과 미시마,하,10 키로상자,27205,10.0,2720,https://www.garakprice.com/pum_detail.php
2026-03-09,가락시장,사과 미시마,상,10 키로상자,69997,10.0,7000,https://www.garakprice.com/pum_detail.php
2026-03-09,가락시장,사과 미시마,중,10 키로상자,47594,10.0,4759,https://www.garakprice.com/pum_detail.php
2026-03-09,가락시장,사과 미시마,특,10 키로상자,93910,10.0,9391,https://www.garakprice.com/pum_detail.php
2026-03-09,가락시장,사과 미시마,하,10 키로상자,26845,10.0,2684,https://www.garakprice.com/pum_detail.php
2026-03-10,가락시장,사과 미시마,상,10 키로상자,70179,10.0,7018,https://www.garakprice.com/pum_detail.php
2026-03-10,가락시장,사과 미시마,중,10 키로상자,44575,10.0,4458,https://www.garakprice.com/pum_detail.php
2026-03-10,가락시장,사과 미시마,특,10 키로상자,169636,10.0,16964,https://www.garakprice.com/pum_detail.php
2026-03-10,가락시장,사과 미시마,하,10 키로상자,23784,10.0,2378,https://www.garakprice.com/pum_detail.php
2026-03-11,가락시장,사과 미시마,상,10 키로상자,73838,10.0,7384,https://www.garakprice.com/pum_detail.php
2026-03-11,가락시장,사과 미시마,중,10 키로상자,48233,10.0,4823,https://www.garakprice.com/pum_detail.php
2026-03-11,가락시장,사과 미시마,특,10 키로상자,121917,10.0,12192,https://www.garakprice.com/pum_detail.php
2026-03-11,가락시장,사과 미시마,하,10 키로상자,24384,10.0,2438,https://www.garakprice.com/pum_detail.php
2026-03-12,가락시장,사과 미시마,상,10 키로상자,69334,10.0,6933,https://www.garakprice.com/pum_detail.php
2026-03-12,가락시장,사과 미시마,중,10 키로상자,46914,10.0,4691,https://www.garakprice.com/pum_detail.php
2026-03-12,가락시장,사과 미시마,특,10 키로상자,141249,10.0,14125,https://www.garakprice.com/pum_detail.php
2026-03-12,가락시장,사과 미시마,하,10 키로상자,20028,10.0,2003,https://www.garakprice.com/pum_detail.php
2026-03-13,가락시장,사과 미시마,상,10 키로상자,64568,10.0,6457,https://www.garakprice.com/pum_detail.php
2026-03-13,가락시장,사과 미시마,중,10 키로상자,38570,10.0,3857,https://www.garakprice.com/pum_detail.php
2026-03-13,가락시장,사과 미시마,특,10 키로상자,112906,10.0,11291,https://www.garakprice.com/pum_detail.php
2026-03-13,가락시장,사과 미시마,하,10 키로상자,15027,10.0,1503,https://www.garakprice.com/pum_detail.php
2026-03-14,가락시장,사과 미시마,상,10 키로상자,72500,10.0,7250,https://www.garakprice.com/pum_detail.php
2026-03-14,가락시장,사과 미시마,중,10 키로상자,22980,10.0,2298,https://www.garakprice.com/pum_detail.php
2026-03-14,가락시장,사과 미시마,특,10 키로상자,173409,10.0,17341,https://www.garakprice.com/pum_detail.php
2026-03-14,가락시장,사과 미시마,하,10 키로상자,13000,10.0,1300,https://www.garakprice.com/pum_detail.php
2026-03-16,가락시장,사과 미시마,상,10 키로상자,78993,10.0,7899,https://www.garakprice.com/pum_detail.php
2026-03-16,가락시장,사과 미시마,중,10 키로상자,52335,10.0,5234,https://www.garakprice.com/pum_detail.php
2026-03-16,가락시장,사과 미시마,특,10 키로상자,134333,10.0,13433,https://www.garakprice.com/pum_detail.php
2026-03-16,가락시장,사과 미시마,하,10 키로상자,21793,10.0,2179,https://www.garakprice.com/pum_detail.php
2026-03-17,가락시장,사과 미시마,상,10 키로상자,74315,10.0,7432,https://www.garakprice.com/pum_detail.php
2026-03-17,가락시장,사과 미시마,중,10 키로상자,48386,10.0,4839,https://www.garakprice.com/pum_detail.php
2026-03-17,가락시장,사과 미시마,특,10 키로상자,111615,10.0,11162,https://www.garakprice.com/pum_detail.php
2026-03-17,가락시장,사과 미시마,하,10 키로상자,19880,10.0,1988,https://www.garakprice.com/pum_detail.php
2026-03-18,가락시장,사과 미시마,상,10 키로상자,60660,10.0,6066,https://www.garakprice.com/pum_detail.php
2026-03-18,가락시장,사과 미시마,중,10 키로상자,41131,10.0,4113,https://www.garakprice.com/pum_detail.php
2026-03-18,가락시장,사과 미시마,특,10 키로상자,106024,10.0,10602,https://www.garakprice.com/pum_detail.php
2026-03-18,가락시장,사과 미시마,하,10 키로상자,22427,10.0,2243,https://www.garakprice.com/pum_detail.php
2026-03-19,가락시장,사과 미시마,상,10 키로상자,70172,10.0,7017,https://www.garakprice.com/pum_detail.php
2026-03-19,가락시장,사과 미시마,중,10 키로상자,51520,10.0,5152,https://www.garakprice.com/pum_detail.php
2026-03-19,가락시장,사과 미시마,특,10 키로상자,131552,10.0,13155,https://www.garakprice.com/pum_detail.php
2026-03-19,가락시장,사과 미시마,하,10 키로상자,31068,10.0,3107,https://www.garakprice.com/pum_detail.php
2026-03-20,가락시장,사과 미시마,상,10 키로상자,65600,10.0,6560,https://www.garakprice.com/pum_detail.php
2026-03-20,가락시장,사과 미시마,중,10 키로상자,46985,10.0,4698,https://www.garakprice.com/pum_detail.php
2026-03-20,가락시장,사과 미시마,특,10 키로상자,119271,10.0,11927,https://www.garakprice.com/pum_detail.php
2026-03-20,가락시장,사과 미시마,하,10 키로상자,27760,10.0,2776,https://www.garakprice.com/pum_detail.php
2026-03-21,가락시장,사과 미시마,상,10 키로상자,144750,10.0,14475,https://www.garakprice.com/pum_detail.php
2026-03-21,가락시장,사과 미시마,중,10 키로상자,79150,10.0,7915,https://www.garakprice.com/pum_detail.php
2026-03-21,가락시장,사과 미시마,특,10 키로상자,175000,10.0,17500,https://www.garakprice.com/pum_detail.php
2026-03-21,가락시장,사과 미시마,하,10 키로상자,47396,10.0,4740,https://www.garakprice.com/pum_detail.php
2026-03-23,가락시장,사과 미시마,상,10 키로상자,70480,10.0,7048,https://www.garakprice.com/pum_detail.php
2026-03-23,가락시장,사과 미시마,중,10 키로상자,45315,10.0,4532,https://www.garakprice.com/pum_detail.php
2026-03-23,가락시장,사과 미시마,특,10 키로상자,125830,10.0,12583,https://www.garakprice.com/pum_detail.php
2026-03-23,가락시장,사과 미시마,하,10 키로상자,22188,10.0,2219,https://www.garakprice.com/pum_detail.php
2026-03-24,가락시장,사과 미시마,상,10 키로상자,63448,10.0,6345,https://www.garakprice.com/pum_detail.php
2026-03-24,가락시장,사과 미시마,중,10 키로상자,43876,10.0,4388,https://www.garakprice.com/pum_detail.php
2026-03-24,가락시장,사과 미시마,특,10 키로상자,110655,10.0,11066,https://www.garakprice.com/pum_detail.php
2026-03-24,가락시장,사과 미시마,하,10 키로상자,23021,10.0,2302,https://www.garakprice.com/pum_detail.php
2026-03-25,가락시장,사과 미시마,상,10 키로상자,64589,10.0,6459,https://www.garakprice.com/pum_detail.php
2026-03-25,가락시장,사과 미시마,중,10 키로상자,43327,10.0,4333,https://www.garakprice.com/pum_detail.php
2026-03-25,가락시장,사과 미시마,특,10 키로상자,124531,10.0,12453,https://www.garakprice.com/pum_detail.php
2026-03-25,가락시장,사과 미시마,하,10 키로상자,25898,10.0,2590,https://www.garakprice.com/pum_detail.php
2026-03-26,가락시장,사과 미시마,상,10 키로상자,74262,10.0,7426,https://www.garakprice.com/pum_detail.php
2026-03-26,가락시장,사과 미시마,중,10 키로상자,44319,10.0,4432,https://www.garakprice.com/pum_detail.php
2026-03-26,가락시장,사과 미시마,특,10 키로상자,155032,10.0,15503,https://www.garakprice.com/pum_detail.php
2026-03-26,가락시장,사과 미시마,하,10 키로상자,20218,10.0,2022,https://www.garakprice.com/pum_detail.php
2026-03-27,가락시장,사과 미시마,상,10 키로상자,81945,10.0,8194,https://www.garakprice.com/pum_detail.php
2026-03-27,가락시장,사과 미시마,중,10 키로상자,50867,10.0,5087,https://www.garakprice.com/pum_detail.php
2026-03-27,가락시장,사과 미시마,특,10 키로상자,165000,10.0,16500,https://www.garakprice.com/pum_detail.php
2026-03-27,가락시장,사과 미시마,하,10 키로상자,30684,10.0,3068,https://www.garakprice.com/pum_detail.php
2026-03-28,가락시장,사과 미시마,상,10 키로상자,160216,10.0,16022,https://www.garakprice.com/pum_detail.php
2026-03-28,가락시장,사과 미시마,중,10 키로상자,73232,10.0,7323,https://www.garakprice.com/pum_detail.php
2026-03-28,가락시장,사과 미시마,특,10 키로상자,175000,10.0,17500,https://www.garakprice.com/pum_detail.php
2026-03-28,가락시장,사과 미시마,하,10 키로상자,38122,10.0,3812,https://www.garakprice.com/pum_detail.php
2026-03-30,가락시장,사과 미시마,상,10 키로상자,72485,10.0,7248,https://www.garakprice.com/pum_detail.php
2026-03-30,가락시장,사과 미시마,중,10 키로상자,49080,10.0,4908,https://www.garakprice.com/pum_detail.php
2026-03-30,가락시장,사과 미시마,특,10 키로상자,129696,10.0,12970,https://www.garakprice.com/pum_detail.php
2026-03-30,가락시장,사과 미시마,하,10 키로상자,30790,10.0,3079,https://www.garakprice.com/pum_detail.php
2026-03-31,가락시장,사과 미시마,상,10 키로상자,77910,10.0,7791,https://www.garakprice.com/pum_detail.php
2026-03-31,가락시장,사과 미시마,중,10 키로상자,49541,10.0,4954,https://www.garakprice.com/pum_detail.php
2026-03-31,가락시장,사과 미시마,특,10 키로상자,170885,10.0,17088,https://www.garakprice.com/pum_detail.php
2026-03-31,가락시장,사과 미시마,하,10 키로상자,30697,10.0,3070,https://www.garakprice.com/pum_detail.php
2026-04-01,가락시장,사과 미시마,상,10 키로상자,68181,10.0,6818,https://www.garakprice.com/pum_detail.php
2026-04-01,가락시장,사과 미시마,중,10 키로상자,50128,10.0,5013,https://www.garakprice.com/pum_detail.php
2026-04-01,가락시장,사과 미시마,특,10 키로상자,128064,10.0,12806,https://www.garakprice.com/pum_detail.php
2026-04-01,가락시장,사과 미시마,하,10 키로상자,30161,10.0,3016,https://www.garakprice.com/pum_detail.php
2026-04-02,가락시장,사과 미시마,상,10 키로상자,91560,10.0,9156,https://www.garakprice.com/pum_detail.php
2026-04-02,가락시장,사과 미시마,중,10 키로상자,63449,10.0,6345,https://www.garakprice.com/pum_detail.php
2026-04-02,가락시장,사과 미시마,특,10 키로상자,178710,10.0,17871,https://www.garakprice.com/pum_detail.php
2026-04-02,가락시장,사과 미시마,하,10 키로상자,33003,10.0,3300,https://www.garakprice.com/pum_detail.php
2026-04-03,가락시장,사과 미시마,상,10 키로상자,68846,10.0,6885,https://www.garakprice.com/pum_detail.php
2026-04-03,가락시장,사과 미시마,중,10 키로상자,41704,10.0,4170,https://www.garakprice.com/pum_detail.php
2026-04-03,가락시장,사과 미시마,특,10 키로상자,169712,10.0,16971,https://www.garakprice.com/pum_detail.php
2026-04-03,가락시장,사과 미시마,하,10 키로상자,23442,10.0,2344,https://www.garakprice.com/pum_detail.php
2026-04-06,가락시장,사과 미시마,상,10 키로상자,77218,10.0,7722,https://www.garakprice.com/pum_detail.php
2026-04-06,가락시장,사과 미시마,중,10 키로상자,52247,10.0,5225,https://www.garakprice.com/pum_detail.php
2026-04-06,가락시장,사과 미시마,특,10 키로상자,144337,10.0,14434,https://www.garakprice.com/pum_detail.php
2026-04-06,가락시장,사과 미시마,하,10 키로상자,24507,10.0,2451,https://www.garakprice.com/pum_detail.php
2026-04-07,가락시장,사과 미시마,상,10 키로상자,79949,10.0,7995,https://www.garakprice.com/pum_detail.php
2026-04-07,가락시장,사과 미시마,중,10 키로상자,49258,10.0,4926,https://www.garakprice.com/pum_detail.php
2026-04-07,가락시장,사과 미시마,특,10 키로상자,162659,10.0,16266,https://www.garakprice.com/pum_detail.php
2026-04-07,가락시장,사과 미시마,하,10 키로상자,22106,10.0,2211,https://www.garakprice.com/pum_detail.php
2026-04-08,가락시장,사과 미시마,상,10 키로상자,78933,10.0,7893,https://www.garakprice.com/pum_detail.php
2026-04-08,가락시장,사과 미시마,중,10 키로상자,58418,10.0,5842,https://www.garakprice.com/pum_detail.php
2026-04-08,가락시장,사과 미시마,특,10 키로상자,149674,10.0,14967,https://www.garakprice.com/pum_detail.php
2026-04-08,가락시장,사과 미시마,하,10 키로상자,38283,10.0,3828,https://www.garakprice.com/pum_detail.php
2026-04-09,가락시장,사과 미시마,상,10 키로상자,84308,10.0,8431,https://www.garakprice.com/pum_detail.php
2026-04-09,가락시장,사과 미시마,중,10 키로상자,47551,10.0,4755,https://www.garakprice.com/pum_detail.php
2026-04-09,가락시장,사과 미시마,특,10 키로상자,172789,10.0,17279,https://www.garakprice.com/pum_detail.php
2026-04-09,가락시장,사과 미시마,하,10 키로상자,19176,10.0,1918,https://www.garakprice.com/pum_detail.php
2026-04-10,가락시장,사과 미시마,상,10 키로상자,65254,10.0,6525,https://www.garakprice.com/pum_detail.php
2026-04-10,가락시장,사과 미시마,중,10 키로상자,51718,10.0,5172,https://www.garakprice.com/pum_detail.php
2026-04-10,가락시장,사과 미시마,특,10 키로상자,150290,10.0,15029,https://www.garakprice.com/pum_detail.php
2026-04-10,가락시장,사과 미시마,하,10 키로상자,20598,10.0,2060,https://www.garakprice.com/pum_detail.php
2026-04-11,가락시장,사과 미시마,상,10 키로상자,65254,10.0,6525,https://www.garakprice.com/pum_detail.php
2026-04-11,가락시장,사과 미시마,중,10 키로상자,51718,10.0,5172,https://www.garakprice.com/pum_detail.php
2026-04-11,가락시장,사과 미시마,특,10 키로상자,150290,10.0,15029,https://www.garakprice.com/pum_detail.php
2026-04-11,가락시장,사과 미시마,하,10 키로상자,20598,10.0,2060,https://www.garakprice.com/pum_detail.php
2026-04-13,가락시장,사과 미시마,상,10 키로상자,68844,10.0,6884,https://www.garakprice.com/pum_detail.php
2026-04-13,가락시장,사과 미시마,중,10 키로상자,43602,10.0,4360,https://www.garakprice.com/pum_detail.php
2026-04-13,가락시장,사과 미시마,특,10 키로상자,135077,10.0,13508,https://www.garakprice.com/pum_detail.php
2026-04-13,가락시장,사과 미시마,하,10 키로상자,19715,10.0,1972,https://www.garakprice.com/pum_detail.php
2026-04-14,가락시장,사과 미시마,상,10 키로상자,69359,10.0,6936,https://www.garakprice.com/pum_detail.php
2026-04-14,가락시장,사과 미시마,중,10 키로상자,34571,10.0,3457,https://www.garakprice.com/pum_detail.php
2026-04-14,가락시장,사과 미시마,특,10 키로상자,174209,10.0,17421,https://www.garakprice.com/pum_detail.php
2026-04-14,가락시장,사과 미시마,하,10 키로상자,10717,10.0,1072,https://www.garakprice.com/pum_detail.php
2026-04-15,가락시장,사과 미시마,상,10 키로상자,72317,10.0,7232,https://www.garakprice.com/pum_detail.php
2026-04-15,가락시장,사과 미시마,중,10 키로상자,47409,10.0,4741,https://www.garakprice.com/pum_detail.php
2026-04-15,가락시장,사과 미시마,특,10 키로상자,127060,10.0,12706,https://www.garakprice.com/pum_detail.php
2026-04-15,가락시장,사과 미시마,하,10 키로상자,17084,10.0,1708,https://www.garakprice.com/pum_detail.php
2026-04-16,가락시장,사과 미시마,상,10 키로상자,64842,10.0,6484,https://www.garakprice.com/pum_detail.php
2026-04-16,가락시장,사과 미시마,중,10 키로상자,39146,10.0,3915,https://www.garakprice.com/pum_detail.php
2026-04-16,가락시장,사과 미시마,특,10 키로상자,154544,10.0,15454,https://www.garakprice.com/pum_detail.php
2026-04-16,가락시장,사과 미시마,하,10 키로상자,23171,10.0,2317,https://www.garakprice.com/pum_detail.php
2026-04-17,가락시장,사과 미시마,상,10 키로상자,68631,10.0,6863,https://www.garakprice.com/pum_detail.php
2026-04-17,가락시장,사과 미시마,중,10 키로상자,47183,10.0,4718,https://www.garakprice.com/pum_detail.php
2026-04-17,가락시장,사과 미시마,특,10 키로상자,127550,10.0,12755,https://www.garakprice.com/pum_detail.php
2026-04-17,가락시장,사과 미시마,하,10 키로상자,28594,10.0,2859,https://www.garakprice.com/pum_detail.php
2026-04-18,가락시장,사과 미시마,상,10 키로상자,68543,10.0,6854,https://www.garakprice.com/pum_detail.php
2026-04-18,가락시장,사과 미시마,중,10 키로상자,47435,10.0,4744,https://www.garakprice.com/pum_detail.php
2026-04-18,가락시장,사과 미시마,특,10 키로상자,127115,10.0,12712,https://www.garakprice.com/pum_detail.php
2026-04-18,가락시장,사과 미시마,하,10 키로상자,28694,10.0,2869,https://www.garakprice.com/pum_detail.php
2026-04-20,가락시장,사과 미시마,상,10 키로상자,72017,10.0,7202,https://www.garakprice.com/pum_detail.php
2026-04-20,가락시장,사과 미시마,중,10 키로상자,44010,10.0,4401,https://www.garakprice.com/pum_detail.php
2026-04-20,가락시장,사과 미시마,특,10 키로상자,142927,10.0,14293,https://www.garakprice.com/pum_detail.php
2026-04-20,가락시장,사과 미시마,하,10 키로상자,26304,10.0,2630,https://www.garakprice.com/pum_detail.php
2026-04-21,가락시장,사과 미시마,상,10 키로상자,64944,10.0,6494,https://www.garakprice.com/pum_detail.php
2026-04-21,가락시장,사과 미시마,중,10 키로상자,40040,10.0,4004,https://www.garakprice.com/pum_detail.php
2026-04-21,가락시장,사과 미시마,특,10 키로상자,142783,10.0,14278,https://www.garakprice.com/pum_detail.php
2026-04-21,가락시장,사과 미시마,하,10 키로상자,22539,10.0,2254,https://www.garakprice.com/pum_detail.php
2026-04-22,가락시장,사과 미시마,상,10 키로상자,70999,10.0,7100,https://www.garakprice.com/pum_detail.php
2026-04-22,가락시장,사과 미시마,중,10 키로상자,47415,10.0,4742,https://www.garakprice.com/pum_detail.php
2026-04-22,가락시장,사과 미시마,특,10 키로상자,138010,10.0,13801,https://www.garakprice.com/pum_detail.php
2026-04-22,가락시장,사과 미시마,하,10 키로상자,25061,10.0,2506,https://www.garakprice.com/pum_detail.php
2026-04-23,가락시장,사과 미시마,상,10 키로상자,78132,10.0,7813,https://www.garakprice.com/pum_detail.php
2026-04-23,가락시장,사과 미시마,중,10 키로상자,48495,10.0,4850,https://www.garakprice.com/pum_detail.php
2026-04-23,가락시장,사과 미시마,특,10 키로상자,151854,10.0,15185,https://www.garakprice.com/pum_detail.php
2026-04-23,가락시장,사과 미시마,하,10 키로상자,27765,10.0,2776,https://www.garakprice.com/pum_detail.php
2026-04-24,가락시장,사과 미시마,상,10 키로상자,49148,10.0,4915,https://www.garakprice.com/pum_detail.php
2026-04-24,가락시장,사과 미시마,중,10 키로상자,37453,10.0,3745,https://www.garakprice.com/pum_detail.php
2026-04-24,가락시장,사과 미시마,특,10 키로상자,123372,10.0,12337,https://www.garakprice.com/pum_detail.php
2026-04-24,가락시장,사과 미시마,하,10 키로상자,24306,10.0,2431,https://www.garakprice.com/pum_detail.php
2026-04-25,가락시장,사과 미시마,상,10 키로상자,49148,10.0,4915,https://www.garakprice.com/pum_detail.php
2026-04-25,가락시장,사과 미시마,중,10 키로상자,37453,10.0,3745,https://www.garakprice.com/pum_detail.php
2026-04-25,가락시장,사과 미시마,특,10 키로상자,123372,10.0,12337,https://www.garakprice.com/pum_detail.php
2026-04-25,가락시장,사과 미시마,하,10 키로상자,24306,10.0,2431,https://www.garakprice.com/pum_detail.php
2026-04-27,가락시장,사과 미시마,상,10 키로상자,83888,10.0,8389,https://www.garakprice.com/pum_detail.php
2026-04-27,가락시장,사과 미시마,중,10 키로상자,48687,10.0,4869,https://www.garakprice.com/pum_detail.php
2026-04-27,가락시장,사과 미시마,특,10 키로상자,140082,10.0,14008,https://www.garakprice.com/pum_detail.php
2026-04-27,가락시장,사과 미시마,하,10 키로상자,22728,10.0,2273,https://www.garakprice.com/pum_detail.php
2026-04-28,가락시장,사과 미시마,상,10 키로상자,72245,10.0,7224,https://www.garakprice.com/pum_detail.php
2026-04-28,가락시장,사과 미시마,중,10 키로상자,40011,10.0,4001,https://www.garakprice.com/pum_detail.php
2026-04-28,가락시장,사과 미시마,특,10 키로상자,131186,10.0,13119,https://www.garakprice.com/pum_detail.php
2026-04-28,가락시장,사과 미시마,하,10 키로상자,20401,10.0,2040,https://www.garakprice.com/pum_detail.php
2026-04-29,가락시장,사과 미시마,상,10 키로상자,77709,10.0,7771,https://www.garakprice.com/pum_detail.php
2026-04-29,가락시장,사과 미시마,중,10 키로상자,53082,10.0,5308,https://www.garakprice.com/pum_detail.php
2026-04-29,가락시장,사과 미시마,특,10 키로상자,141040,10.0,14104,https://www.garakprice.com/pum_detail.php
2026-04-29,가락시장,사과 미시마,하,10 키로상자,28210,10.0,2821,https://www.garakprice.com/pum_detail.php
2026-04-30,가락시장,사과 미시마,상,10 키로상자,87463,10.0,8746,https://www.garakprice.com/pum_detail.php
2026-04-30,가락시장,사과 미시마,중,10 키로상자,50552,10.0,5055,https://www.garakprice.com/pum_detail.php
2026-04-30,가락시장,사과 미시마,특,10 키로상자,176878,10.0,17688,https://www.garakprice.com/pum_detail.php
2026-04-30,가락시장,사과 미시마,하,10 키로상자,23745,10.0,2374,https://www.garakprice.com/pum_detail.php
2026-05-01,가락시장,사과 미시마,상,10 키로상자,72028,10.0,7203,https://www.garakprice.com/pum_detail.php
2026-05-01,가락시장,사과 미시마,중,10 키로상자,47470,10.0,4747,https://www.garakprice.com/pum_detail.php
2026-05-01,가락시장,사과 미시마,특,10 키로상자,125852,10.0,12585,https://www.garakprice.com/pum_detail.php
2026-05-01,가락시장,사과 미시마,하,10 키로상자,28233,10.0,2823,https://www.garakprice.com/pum_detail.php
2026-05-02,가락시장,사과 미시마,상,10 키로상자,72028,10.0,7203,https://www.garakprice.com/pum_detail.php
2026-05-02,가락시장,사과 미시마,중,10 키로상자,47470,10.0,4747,https://www.garakprice.com/pum_detail.php
2026-05-02,가락시장,사과 미시마,특,10 키로상자,125852,10.0,12585,https://www.garakprice.com/pum_detail.php
2026-05-02,가락시장,사과 미시마,하,10 키로상자,28233,10.0,2823,https://www.garakprice.com/pum_detail.php
2026-05-04,가락시장,사과 미시마,상,10 키로상자,75852,10.0,7585,https://www.garakprice.com/pum_detail.php
2026-05-04,가락시장,사과 미시마,중,10 키로상자,51122,10.0,5112,https://www.garakprice.com/pum_detail.php
2026-05-04,가락시장,사과 미시마,특,10 키로상자,121743,10.0,12174,https://www.garakprice.com/pum_detail.php
2026-05-04,가락시장,사과 미시마,하,10 키로상자,27649,10.0,2765,https://www.garakprice.com/pum_detail.php
2026-05-05,가락시장,사과 미시마,상,10 키로상자,52108,10.0,5211,https://www.garakprice.com/pum_detail.php
2026-05-05,가락시장,사과 미시마,중,10 키로상자,31597,10.0,3160,https://www.garakprice.com/pum_detail.php
2026-05-05,가락시장,사과 미시마,특,10 키로상자,171735,10.0,17174,https://www.garakprice.com/pum_detail.php
2026-05-05,가락시장,사과 미시마,하,10 키로상자,13169,10.0,1317,https://www.garakprice.com/pum_detail.php
2026-05-06,가락시장,사과 미시마,상,10 키로상자,74703,10.0,7470,https://www.garakprice.com/pum_detail.php
2026-05-06,가락시장,사과 미시마,중,10 키로상자,43707,10.0,4371,https://www.garakprice.com/pum_detail.php
2026-05-06,가락시장,사과 미시마,특,10 키로상자,159738,10.0,15974,https://www.garakprice.com/pum_detail.php
2026-05-06,가락시장,사과 미시마,하,10 키로상자,24109,10.0,2411,https://www.garakprice.com/pum_detail.php
2026-05-07,가락시장,사과 미시마,상,10 키로상자,77884,10.0,7788,https://www.garakprice.com/pum_detail.php
2026-05-07,가락시장,사과 미시마,중,10 키로상자,45320,10.0,4532,https://www.garakprice.com/pum_detail.php
2026-05-07,가락시장,사과 미시마,특,10 키로상자,179563,10.0,17956,https://www.garakprice.com/pum_detail.php
2026-05-07,가락시장,사과 미시마,하,10 키로상자,25116,10.0,2512,https://www.garakprice.com/pum_detail.php
2026-05-08,가락시장,사과 미시마,상,10 키로상자,56711,10.0,5671,https://www.garakprice.com/pum_detail.php
2026-05-08,가락시장,사과 미시마,중,10 키로상자,36618,10.0,3662,https://www.garakprice.com/pum_detail.php
2026-05-08,가락시장,사과 미시마,특,10 키로상자,82784,10.0,8278,https://www.garakprice.com/pum_detail.php
2026-05-08,가락시장,사과 미시마,하,10 키로상자,17354,10.0,1735,https://www.garakprice.com/pum_detail.php
2026-05-09,가락시장,사과 미시마,상,10 키로상자,59024,10.0,5902,https://www.garakprice.com/pum_detail.php
2026-05-09,가락시장,사과 미시마,중,10 키로상자,37141,10.0,3714,https://www.garakprice.com/pum_detail.php
2026-05-09,가락시장,사과 미시마,특,10 키로상자,114242,10.0,11424,https://www.garakprice.com/pum_detail.php
2026-05-09,가락시장,사과 미시마,하,10 키로상자,17510,10.0,1751,https://www.garakprice.com/pum_detail.php
2026-05-11,가락시장,사과 미시마,상,10 키로상자,84436,10.0,8444,https://www.garakprice.com/pum_detail.php
2026-05-11,가락시장,사과 미시마,중,10 키로상자,54088,10.0,5409,https://www.garakprice.com/pum_detail.php
2026-05-11,가락시장,사과 미시마,특,10 키로상자,170480,10.0,17048,https://www.garakprice.com/pum_detail.php
2026-05-11,가락시장,사과 미시마,하,10 키로상자,35186,10.0,3519,https://www.garakprice.com/pum_detail.php
2026-05-12,가락시장,사과 미시마,상,10 키로상자,121612,10.0,12161,https://www.garakprice.com/pum_detail.php
2026-05-12,가락시장,사과 미시마,중,10 키로상자,49427,10.0,4943,https://www.garakprice.com/pum_detail.php
2026-05-12,가락시장,사과 미시마,특,10 키로상자,206788,10.0,20679,https://www.garakprice.com/pum_detail.php
2026-05-12,가락시장,사과 미시마,하,10 키로상자,21135,10.0,2114,https://www.garakprice.com/pum_detail.php
2026-05-13,가락시장,사과 미시마,상,10 키로상자,70984,10.0,7098,https://www.garakprice.com/pum_detail.php
2026-05-13,가락시장,사과 미시마,중,10 키로상자,42036,10.0,4204,https://www.garakprice.com/pum_detail.php
2026-05-13,가락시장,사과 미시마,특,10 키로상자,133182,10.0,13318,https://www.garakprice.com/pum_detail.php
2026-05-13,가락시장,사과 미시마,하,10 키로상자,24061,10.0,2406,https://www.garakprice.com/pum_detail.php
2026-05-14,가락시장,사과 미시마,상,10 키로상자,72995,10.0,7300,https://www.garakprice.com/pum_detail.php
2026-05-14,가락시장,사과 미시마,중,10 키로상자,41773,10.0,4177,https://www.garakprice.com/pum_detail.php
2026-05-14,가락시장,사과 미시마,특,10 키로상자,131190,10.0,13119,https://www.garakprice.com/pum_detail.php
2026-05-14,가락시장,사과 미시마,하,10 키로상자,21401,10.0,2140,https://www.garakprice.com/pum_detail.php
2026-05-15,가락시장,사과 미시마,상,10 키로상자,52637,10.0,5264,https://www.garakprice.com/pum_detail.php
2026-05-15,가락시장,사과 미시마,중,10 키로상자,39545,10.0,3954,https://www.garakprice.com/pum_detail.php
2026-05-15,가락시장,사과 미시마,특,10 키로상자,68363,10.0,6836,https://www.garakprice.com/pum_detail.php
2026-05-15,가락시장,사과 미시마,하,10 키로상자,23142,10.0,2314,https://www.garakprice.com/pum_detail.php
2026-05-16,가락시장,사과 미시마,상,10 키로상자,53080,10.0,5308,https://www.garakprice.com/pum_detail.php
2026-05-16,가락시장,사과 미시마,중,10 키로상자,40031,10.0,4003,https://www.garakprice.com/pum_detail.php
2026-05-16,가락시장,사과 미시마,특,10 키로상자,68329,10.0,6833,https://www.garakprice.com/pum_detail.php
2026-05-16,가락시장,사과 미시마,하,10 키로상자,23275,10.0,2328,https://www.garakprice.com/pum_detail.php
2026-05-18,가락시장,사과 미시마,상,10 키로상자,84969,10.0,8497,https://www.garakprice.com/pum_detail.php
2026-05-18,가락시장,사과 미시마,중,10 키로상자,47445,10.0,4744,https://www.garakprice.com/pum_detail.php
2026-05-18,가락시장,사과 미시마,특,10 키로상자,155189,10.0,15519,https://www.garakprice.com/pum_detail.php
2026-05-18,가락시장,사과 미시마,하,10 키로상자,26522,10.0,2652,https://www.garakprice.com/pum_detail.php
2026-05-19,가락시장,사과 미시마,상,10 키로상자,76515,10.0,7652,https://www.garakprice.com/pum_detail.php
2026-05-19,가락시장,사과 미시마,중,10 키로상자,42639,10.0,4264,https://www.garakprice.com/pum_detail.php
2026-05-19,가락시장,사과 미시마,특,10 키로상자,156244,10.0,15624,https://www.garakprice.com/pum_detail.php
2026-05-19,가락시장,사과 미시마,하,10 키로상자,20306,10.0,2031,https://www.garakprice.com/pum_detail.php
2026-05-20,가락시장,사과 미시마,상,10 키로상자,75126,10.0,7513,https://www.garakprice.com/pum_detail.php
2026-05-20,가락시장,사과 미시마,중,10 키로상자,56570,10.0,5657,https://www.garakprice.com/pum_detail.php
2026-05-20,가락시장,사과 미시마,특,10 키로상자,144144,10.0,14414,https://www.garakprice.com/pum_detail.php
2026-05-20,가락시장,사과 미시마,하,10 키로상자,33260,10.0,3326,https://www.garakprice.com/pum_detail.php
2026-05-21,가락시장,사과 미시마,상,10 키로상자,104971,10.0,10497,https://www.garakprice.com/pum_detail.php
2026-05-21,가락시장,사과 미시마,중,10 키로상자,56405,10.0,5640,https://www.garakprice.com/pum_detail.php
2026-05-21,가락시장,사과 미시마,특,10 키로상자,189942,10.0,18994,https://www.garakprice.com/pum_detail.php
2026-05-21,가락시장,사과 미시마,하,10 키로상자,22138,10.0,2214,https://www.garakprice.com/pum_detail.php
2026-05-22,가락시장,사과 미시마,상,10 키로상자,60868,10.0,6087,https://www.garakprice.com/pum_detail.php
2026-05-22,가락시장,사과 미시마,중,10 키로상자,36324,10.0,3632,https://www.garakprice.com/pum_detail.php
2026-05-22,가락시장,사과 미시마,특,10 키로상자,128848,10.0,12885,https://www.garakprice.com/pum_detail.php
2026-05-22,가락시장,사과 미시마,하,10 키로상자,26392,10.0,2639,https://www.garakprice.com/pum_detail.php
2026-05-23,가락시장,사과 미시마,상,10 키로상자,59283,10.0,5928,https://www.garakprice.com/pum_detail.php
2026-05-23,가락시장,사과 미시마,중,10 키로상자,35134,10.0,3513,https://www.garakprice.com/pum_detail.php
2026-05-23,가락시장,사과 미시마,특,10 키로상자,124812,10.0,12481,https://www.garakprice.com/pum_detail.php
2026-05-23,가락시장,사과 미시마,하,10 키로상자,19661,10.0,1966,https://www.garakprice.com/pum_detail.php
2026-05-25,가락시장,사과 미시마,상,10 키로상자,66569,10.0,6657,https://www.garakprice.com/pum_detail.php
2026-05-25,가락시장,사과 미시마,중,10 키로상자,43100,10.0,4310,https://www.garakprice.com/pum_detail.php
2026-05-25,가락시장,사과 미시마,특,10 키로상자,118737,10.0,11874,https://www.garakprice.com/pum_detail.php
2026-05-25,가락시장,사과 미시마,하,10 키로상자,22012,10.0,2201,https://www.garakprice.com/pum_detail.php
2026-05-26,가락시장,사과 미시마,상,10 키로상자,127737,10.0,12774,https://www.garakprice.com/pum_detail.php
2026-05-26,가락시장,사과 미시마,중,10 키로상자,49003,10.0,4900,https://www.garakprice.com/pum_detail.php
2026-05-26,가락시장,사과 미시마,특,10 키로상자,211419,10.0,21142,https://www.garakprice.com/pum_detail.php
2026-05-26,가락시장,사과 미시마,하,10 키로상자,23272,10.0,2327,https://www.garakprice.com/pum_detail.php
2026-05-27,가락시장,사과 미시마,상,10 키로상자,70594,10.0,7059,https://www.garakprice.com/pum_detail.php
2026-05-27,가락시장,사과 미시마,중,10 키로상자,49774,10.0,4977,https://www.garakprice.com/pum_detail.php
2026-05-27,가락시장,사과 미시마,특,10 키로상자,128411,10.0,12841,https://www.garakprice.com/pum_detail.php
2026-05-27,가락시장,사과 미시마,하,10 키로상자,27060,10.0,2706,https://www.garakprice.com/pum_detail.php
2026-05-28,가락시장,사과 미시마,상,10 키로상자,91569,10.0,9157,https://www.garakprice.com/pum_detail.php
2026-05-28,가락시장,사과 미시마,중,10 키로상자,38970,10.0,3897,https://www.garakprice.com/pum_detail.php
2026-05-28,가락시장,사과 미시마,특,10 키로상자,177148,10.0,17715,https://www.garakprice.com/pum_detail.php
2026-05-28,가락시장,사과 미시마,하,10 키로상자,22725,10.0,2272,https://www.garakprice.com/pum_detail.php
2026-05-29,가락시장,사과 미시마,상,10 키로상자,63177,10.0,6318,https://www.garakprice.com/pum_detail.php
2026-05-29,가락시장,사과 미시마,중,10 키로상자,43102,10.0,4310,https://www.garakprice.com/pum_detail.php
2026-05-29,가락시장,사과 미시마,특,10 키로상자,111387,10.0,11139,https://www.garakprice.com/pum_detail.php
2026-05-29,가락시장,사과 미시마,하,10 키로상자,24954,10.0,2495,https://www.garakprice.com/pum_detail.php
2026-05-30,가락시장,사과 미시마,상,10 키로상자,63177,10.0,6318,https://www.garakprice.com/pum_detail.php
2026-05-30,가락시장,사과 미시마,중,10 키로상자,43102,10.0,4310,https://www.garakprice.com/pum_detail.php
2026-05-30,가락시장,사과 미시마,특,10 키로상자,111387,10.0,11139,https://www.garakprice.com/pum_detail.php
2026-05-30,가락시장,사과 미시마,하,10 키로상자,24954,10.0,2495,https://www.garakprice.com/pum_detail.php
2026-06-01,가락시장,사과 미시마,상,10 키로상자,83812,10.0,8381,https://www.garakprice.com/pum_detail.php
2026-06-01,가락시장,사과 미시마,중,10 키로상자,55977,10.0,5598,https://www.garakprice.com/pum_detail.php
2026-06-01,가락시장,사과 미시마,특,10 키로상자,119880,10.0,11988,https://www.garakprice.com/pum_detail.php
2026-06-01,가락시장,사과 미시마,하,10 키로상자,27991,10.0,2799,https://www.garakprice.com/pum_detail.php
2026-06-02,가락시장,사과 미시마,상,10 키로상자,71404,10.0,7140,https://www.garakprice.com/pum_detail.php
2026-06-02,가락시장,사과 미시마,중,10 키로상자,41666,10.0,4167,https://www.garakprice.com/pum_detail.php
2026-06-02,가락시장,사과 미시마,특,10 키로상자,162581,10.0,16258,https://www.garakprice.com/pum_detail.php
2026-06-02,가락시장,사과 미시마,하,10 키로상자,26180,10.0,2618,https://www.garakprice.com/pum_detail.php
2026-06-04,가락시장,사과 미시마,상,10 키로상자,73140,10.0,7314,https://www.garakprice.com/pum_detail.php
2026-06-04,가락시장,사과 미시마,중,10 키로상자,42054,10.0,4205,https://www.garakprice.com/pum_detail.php
2026-06-04,가락시장,사과 미시마,특,10 키로상자,144771,10.0,14477,https://www.garakprice.com/pum_detail.php
2026-06-04,가락시장,사과 미시마,하,10 키로상자,21422,10.0,2142,https://www.garakprice.com/pum_detail.php
2026-06-05,가락시장,사과 미시마,상,10 키로상자,65777,10.0,6578,https://www.garakprice.com/pum_detail.php
2026-06-05,가락시장,사과 미시마,중,10 키로상자,45658,10.0,4566,https://www.garakprice.com/pum_detail.php
2026-06-05,가락시장,사과 미시마,특,10 키로상자,118867,10.0,11887,https://www.garakprice.com/pum_detail.php
2026-06-05,가락시장,사과 미시마,하,10 키로상자,29950,10.0,2995,https://www.garakprice.com/pum_detail.php
2026-06-06,가락시장,사과 미시마,상,10 키로상자,76578,10.0,7658,https://www.garakprice.com/pum_detail.php
2026-06-06,가락시장,사과 미시마,중,10 키로상자,47377,10.0,4738,https://www.garakprice.com/pum_detail.php
2026-06-06,가락시장,사과 미시마,특,10 키로상자,151280,10.0,15128,https://www.garakprice.com/pum_detail.php
2026-06-06,가락시장,사과 미시마,하,10 키로상자,30712,10.0,3071,https://www.garakprice.com/pum_detail.php
2026-06-08,가락시장,사과 미시마,상,10 키로상자,78058,10.0,7806,https://www.garakprice.com/pum_detail.php
2026-06-08,가락시장,사과 미시마,중,10 키로상자,48180,10.0,4818,https://www.garakprice.com/pum_detail.php
2026-06-08,가락시장,사과 미시마,특,10 키로상자,131552,10.0,13155,https://www.garakprice.com/pum_detail.php
2026-06-08,가락시장,사과 미시마,하,10 키로상자,27074,10.0,2707,https://www.garakprice.com/pum_detail.php
